Location,Square_Feet,Bedrooms,Bathrooms,Year_Built,Garage,Has_Garden,Nearby_Schools,Crime_Rate,Proximity_to_City_Center_km,Interest_Rate,Employment_Rate,Price
Beachfront,1095,5,1,1970,1,1,0,3.88,26.7,5.21,88.7,326277
City Center,1228,1,3,1971,1,1,3,3.31,10.1,4.21,71.3,291755
Countryside,1865,5,3,1997,1,0,4,0.84,27.1,5.43,97.4,437638
City Center,4992,5,2,1986,0,1,0,4.39,29.9,5.8,94.4,667006
City Center,1198,3,2,1964,1,0,0,2.74,24.8,3.09,78.6,224883
Suburb,895,2,3,1984,0,0,0,1.48,25.4,5.83,72.2,172640
Countryside,4671,1,3,2020,0,0,0,2.18,7.8,4.66,74.9,652819
Countryside,4860,3,1,1981,1,1,2,0.28,17.5,5.88,73.7,1449985
Countryside,3002,2,1,1960,1,1,2,0.73,2.5,4.23,73.6,415155
City Center,2319,2,2,1959,0,1,2,3.85,3.3,4.02,85.0,552286
Beachfront,1217,4,3,2022,0,1,4,0.1,30.0,6.16,77.1,244770
Countryside,3282,1,2,2006,1,1,4,2.14,10.1,3.5,80.4,658456
City Center,4077,2,3,1974,1,0,4,2.66,22.6,5.88,98.7,1243667
Suburb,643,3,1,1951,0,0,1,0.37,24.3,4.44,89.8,107548
Beachfront,3640,4,2,2013,1,0,4,4.87,25.8,4.56,97.5,1166713
Suburb,4991,1,2,1984,1,0,2,1.21,29.9,3.73,74.1,764518
Beachfront,3438,5,3,1956,1,1,2,1.59,7.6,4.79,81.1,988319
City Center,4136,3,1,1967,0,1,1,1.59,1.7,3.8,86.1,970234
Downtown,3722,2,2,2016,0,0,1,1.23,12.6,2.66,72.2,1117910
Beachfront,1667,2,1,1991,0,1,4,0.11,4.3,3.59,70.1,451223
Suburb,3116,3,2,1988,1,1,3,3.67,1.2,2.53,89.4,784409
City Center,1562,2,1,1990,1,0,1,4.84,11.1,6.41,88.6,288728
Beachfront,2656,4,3,1973,0,0,0,1.2,23.6,6.36,81.9,405586
Downtown,3482,1,2,2009,0,1,2,3.35,17.2,4.08,84.2,1062487
Downtown,3794,4,2,1995,0,1,0,3.74,9.7,5.41,82.0,733062
Countryside,1656,2,1,1968,1,0,2,4.26,19.8,3.88,70.7,351423
Countryside,1232,5,1,2017,0,0,2,2.17,7.3,5.18,79.7,450992
Suburb,4830,1,2,1991,0,0,1,1.58,0.9,5.72,75.1,873594
Beachfront,1453,1,3,1981,1,1,1,1.69,23.0,6.29,72.9,492003
Beachfront,3039,3,1,1988,1,0,0,3.59,18.9,4.1,97.7,849303
Countryside,3824,3,1,1985,1,0,2,4.1,23.0,5.63,87.4,897082
Beachfront,3801,5,1,1985,0,1,0,0.99,1.6,3.56,91.1,1192668
Beachfront,2042,1,2,1952,1,1,3,1.92,25.2,6.46,79.1,258932
Downtown,1691,5,2,2022,1,1,0,4.52,18.8,2.6,81.4,405175
Countryside,3493,3,2,1957,0,1,4,4.05,17.1,4.91,76.9,764185
City Center,3181,3,2,2019,1,1,0,4.93,18.9,5.14,72.8,569109
Countryside,1717,1,3,1990,0,0,4,3.8,26.0,5.25,75.2,478543
City Center,2040,4,3,2017,0,0,4,2.03,17.8,2.98,93.1,709813
Downtown,3736,2,2,1962,1,1,4,2.99,17.6,6.25,89.6,753510
Suburb,2886,3,3,1998,1,1,3,3.34,29.7,3.22,85.9,592944
Beachfront,4219,3,1,2009,1,1,0,0.48,22.8,4.99,83.8,1336222
Downtown,1888,4,1,1951,1,1,0,2.77,13.5,3.39,96.8,449014
Beachfront,2356,4,1,2009,1,1,3,3.58,21.4,3.73,72.1,569318
Suburb,1865,5,2,1954,1,0,2,0.92,12.0,4.69,78.1,425038
Suburb,999,5,1,1993,0,0,1,3.93,7.3,4.17,80.1,382941
Downtown,2180,2,3,1976,0,0,0,2.96,18.1,3.14,92.7,537709
Suburb,1010,2,2,1981,1,0,1,4.77,27.9,3.18,98.8,324113
City Center,4812,1,3,1970,0,1,3,0.31,27.9,4.17,77.0,1303356
Suburb,1824,5,1,1957,1,0,2,1.4,10.6,5.53,95.4,401225
Beachfront,1655,3,1,2021,0,1,2,3.05,16.1,6.09,94.1,411167
Beachfront,2327,5,1,1999,0,1,2,1.55,6.7,2.84,76.5,756085
Beachfront,3641,3,2,2016,0,1,3,3.6,29.9,4.07,81.6,697983
Beachfront,3986,4,3,1993,1,0,4,3.82,29.4,2.9,81.9,1133354
City Center,2310,5,2,2007,0,1,4,0.6,19.7,2.57,98.4,820698
Countryside,3423,4,2,1952,1,0,1,2.62,24.2,5.15,75.2,827860
Downtown,2714,2,1,2019,0,0,4,2.59,21.6,4.91,93.2,745839
Beachfront,4686,2,2,1951,0,1,4,1.91,18.0,3.15,79.7,1301320
Suburb,1213,1,2,1993,0,1,2,4.67,2.1,3.44,91.2,424059
Beachfront,4102,5,1,1951,0,1,2,4.15,13.9,2.59,82.2,844678
Suburb,4634,4,2,1984,0,0,1,3.52,20.4,5.84,86.8,583605
Suburb,4022,3,1,1979,1,1,0,3.6,20.5,6.4,94.1,792626
Beachfront,4768,2,1,1957,1,0,1,2.36,11.5,3.04,93.3,1216323
City Center,1743,2,1,1971,0,1,1,4.61,28.3,3.43,95.1,372917
Suburb,4209,3,1,1993,0,1,3,3.5,5.4,5.97,71.7,1157446
Suburb,1581,4,2,2007,0,0,3,3.67,15.3,6.21,90.1,367622
Beachfront,955,4,1,1985,0,0,1,4.32,20.9,4.18,74.1,279860
Suburb,1394,5,1,2018,1,0,1,1.44,21.1,2.7,82.1,317485
Suburb,1884,5,2,1980,0,0,1,4.05,19.6,2.66,85.9,572609
Beachfront,2458,1,2,1996,1,0,4,1.06,8.6,4.8,81.7,626956
Beachfront,3572,2,3,2004,0,0,3,1.79,5.1,4.07,85.1,610716
Downtown,2496,5,2,2011,1,1,1,1.74,19.3,2.61,98.9,542926
City Center,4785,4,2,1979,0,1,2,4.89,18.2,4.83,73.9,1291301
City Center,1004,3,3,2004,0,0,2,4.3,5.8,2.55,89.6,327350
Suburb,1714,4,2,1965,1,1,4,3.54,21.3,5.65,81.5,346870
City Center,2031,2,2,1961,0,0,4,3.66,13.9,3.73,73.9,682649
Suburb,3940,4,2,1966,0,1,0,2.85,20.2,2.66,74.6,1042770
Downtown,1323,1,2,1965,0,1,0,4.74,25.2,4.85,97.5,433181
Beachfront,1428,2,3,1961,1,0,0,2.53,5.5,4.09,95.5,359744
Beachfront,633,3,2,1957,0,0,4,1.96,1.1,6.4,96.3,225785
Beachfront,2605,1,2,1952,0,0,4,0.9,23.5,4.68,98.8,773888
City Center,4127,2,3,1965,1,1,4,3.95,18.5,3.6,76.0,950056
Downtown,2352,3,1,1979,1,0,2,3.7,21.1,5.34,80.3,626978
City Center,4675,1,3,1972,1,1,4,1.98,25.2,3.59,89.4,774770
City Center,3433,1,1,1954,0,0,2,0.22,24.2,6.12,84.0,665974
Downtown,3784,2,3,2014,0,1,0,4.21,28.8,4.0,82.1,526932
Downtown,4798,5,3,1979,0,1,0,0.16,16.3,4.7,80.4,785124
Downtown,3311,1,2,1970,1,0,0,3.55,14.9,2.7,87.2,421286
Downtown,1750,1,1,2019,0,1,1,4.85,12.4,4.2,86.7,278761
Beachfront,4012,3,2,1971,0,1,1,2.24,5.0,5.83,74.7,1295325
Countryside,1756,4,1,2021,1,0,3,1.25,17.4,5.72,83.7,379005
Countryside,3876,2,3,1981,1,1,3,3.55,8.7,3.4,86.1,1026159
Downtown,3986,2,3,1982,1,0,3,4.1,27.7,3.4,86.5,1148853
Countryside,4084,5,1,1965,1,0,1,2.78,17.7,5.77,76.1,935415
Countryside,1896,5,2,1987,1,0,1,4.84,18.0,6.22,91.5,330000
Downtown,4137,2,2,1963,0,0,3,0.35,11.0,2.88,70.7,1088699
Countryside,3830,5,2,1985,1,1,3,2.57,2.0,4.3,80.3,996364
City Center,3203,3,2,1972,0,1,4,3.62,1.4,3.85,92.6,898956
Suburb,970,2,3,2015,0,1,3,4.33,13.0,5.98,86.4,349835
Suburb,1853,5,3,1951,1,0,4,0.98,3.0,2.83,77.6,695476
Downtown,3283,2,3,2022,1,1,2,4.02,18.4,3.34,90.2,819232
Beachfront,3331,4,3,2014,1,1,1,2.81,26.5,5.51,86.5,674603
Downtown,857,1,3,2016,0,0,3,2.04,26.5,2.71,93.1,290335
Beachfront,3519,2,2,2001,1,0,1,0.75,19.9,4.47,91.3,491678
Suburb,1167,1,2,2011,1,1,1,4.34,6.7,4.27,87.7,441861
Downtown,4968,5,2,1972,1,0,1,0.87,26.0,3.84,84.2,715341
City Center,1645,1,2,1975,1,0,2,1.62,26.6,4.08,73.9,328652
Countryside,4685,2,3,2017,1,0,0,1.52,6.3,4.62,77.6,1356647
Beachfront,4219,4,3,2004,0,0,3,4.37,22.3,3.15,82.2,1025096
Countryside,3245,5,3,1955,0,1,0,3.4,9.0,4.79,87.4,695715
Countryside,1039,2,1,1984,0,0,0,4.0,24.2,5.72,84.9,244024
Downtown,3279,5,2,1971,1,0,0,1.33,29.9,5.54,78.4,948095
Countryside,4636,3,2,1992,1,0,1,3.16,1.4,3.12,70.2,929511
City Center,4275,1,3,1964,1,0,4,2.9,27.0,3.1,84.4,1234794
Countryside,3008,3,2,2009,0,0,1,4.18,18.9,3.57,78.3,441755
Downtown,3279,2,2,1961,1,0,1,4.54,29.2,3.94,91.3,881789
City Center,1424,4,3,1998,1,0,0,0.16,14.2,4.13,70.7,503264
Suburb,3456,5,1,1991,1,0,1,3.4,25.5,5.22,87.0,538190
Countryside,2081,1,1,1987,0,1,0,0.35,2.3,2.73,97.3,492609
Downtown,3824,5,1,1994,1,0,4,2.79,10.4,2.64,75.1,638393
Suburb,4985,2,3,1984,0,1,3,1.51,2.5,4.07,83.7,1329617
Suburb,755,5,2,1979,1,0,0,1.6,29.3,5.29,72.7,236111
Beachfront,2338,1,3,1979,0,0,4,1.83,24.6,3.27,88.1,605197
City Center,2444,2,3,1955,0,0,3,3.14,25.7,5.07,86.0,360626
Countryside,509,5,2,2016,0,0,2,1.74,28.2,3.54,81.8,192816
Downtown,3371,4,1,1956,1,1,0,3.69,3.0,6.04,85.1,471070
Beachfront,1297,2,1,2001,1,0,0,2.08,11.9,6.08,96.0,287959
City Center,1515,2,3,1963,0,0,2,0.43,2.6,3.69,75.7,422373
Beachfront,2324,4,1,2022,0,1,2,3.94,6.7,3.42,70.7,766080
City Center,4969,3,3,1964,1,1,0,1.5,7.3,4.15,95.0,1279724
City Center,3636,1,3,1970,1,0,2,2.22,14.3,3.46,86.7,772549
Countryside,2693,3,2,1984,0,1,1,3.46,8.4,5.19,95.8,881195
City Center,723,5,2,2015,1,1,3,1.73,3.5,5.8,87.3,335779
Beachfront,4658,4,2,1951,1,1,3,0.38,5.4,5.19,93.5,1452529
City Center,4425,3,3,1984,1,0,3,1.93,4.8,5.8,82.5,1013908
Countryside,4500,2,2,1969,1,0,1,4.73,29.2,4.09,91.7,738472
Countryside,2133,5,1,1959,0,0,2,3.24,22.9,3.13,96.5,324858
Beachfront,2652,5,1,1974,1,1,4,3.39,29.0,5.45,86.6,743274
Suburb,1010,3,3,2015,1,0,2,3.2,13.5,3.94,75.2,257582
Suburb,884,3,3,1974,0,1,0,1.08,8.7,5.19,77.8,242574
City Center,904,4,2,2003,0,0,3,2.15,24.0,3.58,75.8,272453
Downtown,2500,1,3,1982,1,0,2,3.78,10.1,2.82,77.2,644164
City Center,3256,3,3,1985,1,1,4,0.6,9.3,6.47,78.9,822614
Beachfront,2168,3,1,1963,1,0,0,1.46,7.4,3.12,86.1,381711
Beachfront,1960,2,1,2014,1,1,1,1.45,4.3,6.45,87.1,447615
Beachfront,4136,5,2,2003,0,1,1,2.22,8.1,6.41,82.4,1054443
Beachfront,3224,1,3,2001,0,0,4,4.9,11.0,5.68,87.8,1040727
Beachfront,4678,2,3,1952,0,1,0,0.43,20.4,5.14,72.4,1204794
Countryside,2548,4,1,1990,1,0,3,2.64,2.3,4.81,72.5,858708
Suburb,4646,4,3,1955,1,0,2,0.98,6.7,5.96,75.0,1267494
Beachfront,1216,3,1,1974,1,1,0,4.86,24.4,3.66,85.0,346051
Downtown,2323,3,2,1962,1,0,1,0.66,4.8,4.37,76.2,423642
Downtown,2581,4,1,1957,0,1,4,2.08,10.6,4.98,78.2,702691
Downtown,3919,3,3,1970,0,0,4,3.72,26.0,4.14,81.6,947812
Downtown,2074,1,2,2017,1,0,2,3.55,5.1,4.21,93.5,573774
Countryside,749,3,1,1974,0,0,4,2.17,2.9,3.82,70.4,252849
Downtown,1173,5,1,2017,1,0,4,1.8,14.8,4.76,88.8,384004
Beachfront,2665,3,2,1994,1,0,0,2.05,9.4,5.9,89.4,538224
City Center,1270,2,2,2009,0,1,3,1.39,17.1,3.31,93.2,369824
Downtown,4462,1,1,1961,1,1,2,1.11,24.2,6.24,97.0,657984
Countryside,4863,2,3,1981,1,1,0,2.47,4.5,5.26,70.6,1353182
Countryside,2484,2,1,1962,0,1,3,1.42,17.6,5.79,74.5,392508
Downtown,1577,5,2,1980,1,1,0,1.51,15.4,4.72,95.7,316867
City Center,735,1,1,1969,1,1,0,3.32,4.8,5.62,83.3,219018
Downtown,888,1,2,1967,0,0,4,4.85,18.9,2.56,86.4,253289
Countryside,3537,1,2,2009,1,0,3,3.06,8.6,5.77,89.2,758012
Suburb,2348,1,3,2012,0,1,2,0.48,14.9,2.66,89.7,459370
Beachfront,3314,1,2,1955,1,1,2,0.47,2.9,6.06,97.0,810802
Countryside,3874,5,2,1981,0,0,3,4.76,14.1,6.47,98.9,741126
Downtown,3778,3,3,1992,0,0,4,1.56,9.5,3.68,90.9,1218178
Beachfront,1752,2,2,1951,0,0,1,0.55,24.8,3.34,78.3,550233
Downtown,4481,1,3,2009,1,1,0,3.04,2.2,5.56,95.5,1016149
Downtown,2622,3,3,1972,0,1,4,3.16,12.8,3.51,71.4,531174
Suburb,2650,3,2,1980,0,1,3,3.28,14.0,5.96,76.7,741073
Beachfront,1829,2,2,1954,0,0,0,1.41,21.9,2.91,96.0,245896
Beachfront,1858,5,1,1983,0,0,2,0.17,17.4,3.0,77.4,463979
Suburb,2982,4,3,1959,0,1,1,4.83,20.2,6.42,76.4,559564
Countryside,2517,4,1,1951,1,1,2,1.33,23.4,5.2,74.0,766556
Downtown,1831,3,2,1960,1,0,3,3.41,25.9,5.89,94.9,225810
City Center,4844,2,1,1999,1,0,0,3.56,9.8,3.8,84.5,1118923
Downtown,4761,4,3,1980,1,0,3,3.09,16.4,5.21,89.6,1286474
Downtown,1858,3,1,2005,1,0,0,1.63,25.3,4.88,76.9,428681
Countryside,3677,5,3,2022,1,1,4,1.43,29.7,4.91,92.0,572854
Downtown,2628,4,2,1958,1,0,1,3.03,26.7,5.23,92.0,851890
Suburb,2680,3,2,1970,0,0,4,4.34,11.5,4.8,79.1,625238
Suburb,637,3,3,2022,1,0,4,4.74,6.3,4.22,81.9,285891
Beachfront,3972,1,2,1977,0,1,3,0.62,14.9,3.6,76.1,669994
City Center,3332,5,2,2011,0,1,1,0.86,22.4,5.57,98.3,752763
Downtown,4079,1,2,1956,1,0,0,4.73,15.0,3.41,88.7,827071
Downtown,3531,2,2,1965,0,0,0,3.71,14.8,5.27,97.1,468590
Countryside,4664,1,3,1953,0,0,2,4.43,25.2,3.43,78.8,611358
Suburb,3093,1,1,1953,0,1,0,1.09,11.2,5.0,92.7,862852
City Center,4800,4,1,1989,0,1,3,2.98,25.9,5.49,92.2,779013
Beachfront,4318,3,2,1966,1,1,4,3.54,12.5,3.37,90.1,714433
Suburb,4638,5,1,2001,1,0,4,3.43,10.2,2.74,98.0,1087404
Beachfront,4323,1,1,2001,1,1,4,2.1,13.9,3.02,81.4,1211406
Countryside,4542,5,2,1985,1,0,1,0.18,23.0,4.92,73.8,618799
Countryside,2406,1,2,1987,1,0,0,2.96,4.2,5.9,89.5,599400
Downtown,1260,2,1,1999,1,0,3,1.34,6.3,2.68,91.1,278235
City Center,3945,1,3,2012,1,1,1,2.31,28.6,5.44,86.7,510584
Beachfront,1399,4,2,2012,1,0,2,4.79,5.7,3.87,76.0,296973
Suburb,4955,3,3,2011,1,1,3,2.06,17.2,4.41,84.6,1466393
Countryside,3447,2,1,1956,1,1,3,4.22,17.6,6.22,79.1,486787
Downtown,2219,1,2,1976,0,0,3,1.02,14.9,3.83,82.4,298607
Downtown,780,5,3,1963,1,0,4,3.4,19.5,4.36,88.7,248051
Beachfront,3766,2,2,2020,0,1,3,4.89,7.3,2.55,91.6,1135190
Countryside,2387,2,1,1954,0,0,0,0.6,16.8,2.83,76.7,422604
City Center,3766,1,3,2004,0,1,3,0.14,11.5,3.53,81.8,818139
Countryside,1166,2,1,1951,0,0,4,2.22,20.0,2.61,77.8,201203
Beachfront,4688,5,1,2011,1,1,3,0.55,4.7,5.03,75.8,1050997
Beachfront,1171,2,2,1970,0,1,2,3.77,17.3,4.21,92.7,342805
Countryside,2469,5,3,1970,1,1,2,4.58,6.0,4.69,96.4,674613
Beachfront,4656,1,1,1959,1,1,4,2.23,8.7,3.2,80.7,860711
Countryside,3622,3,1,2007,0,0,0,1.37,7.0,3.68,91.8,707363
Suburb,4400,2,3,1988,1,0,0,2.23,5.9,5.16,96.0,649195
Countryside,1023,3,1,1954,0,1,1,3.64,24.9,6.36,94.5,216851
Countryside,2893,5,1,2014,0,1,4,0.14,8.9,2.7,75.3,503351
Beachfront,3617,2,3,1962,1,0,3,2.99,27.9,6.06,97.7,975567
Beachfront,3093,4,3,2002,1,0,4,3.11,29.1,4.81,80.9,1018035
Downtown,2468,3,3,1994,0,0,1,3.22,17.4,4.76,79.8,821878
Downtown,2253,2,3,1981,1,0,4,1.29,4.7,4.5,71.8,736753
Suburb,2796,3,2,1985,1,0,4,3.6,11.5,2.78,84.1,748230
Downtown,2761,2,3,2009,1,0,1,0.55,24.0,2.86,73.2,765428
Countryside,2786,1,2,1960,0,1,0,1.08,11.3,4.9,77.2,492124
Beachfront,4702,3,2,2012,0,0,3,4.4,3.1,3.86,79.2,1195562
Downtown,3378,4,2,1970,1,0,1,3.72,16.9,6.17,93.5,716061
Downtown,4643,4,1,2001,1,1,2,0.17,25.4,4.13,95.4,1033130
Suburb,4144,5,2,2004,1,0,0,1.32,24.0,3.07,78.8,1144519
Suburb,4932,2,2,1975,1,0,2,1.15,5.7,5.36,94.9,876162
Countryside,2555,3,1,2017,1,0,0,1.43,20.3,3.67,94.9,512626
Beachfront,1776,5,1,1983,0,0,3,1.31,7.0,4.6,92.2,629556
Suburb,3266,3,1,2001,1,0,3,0.41,6.9,5.29,74.3,471606
Downtown,802,2,3,2001,0,1,4,2.35,26.3,6.1,90.0,217398
Beachfront,1138,4,1,1978,1,0,2,3.69,7.9,5.67,97.4,433110
Beachfront,555,1,1,1987,0,1,0,3.07,8.3,5.21,89.8,190021
Downtown,1025,4,2,1991,1,1,3,3.4,0.5,5.22,79.6,369964
Suburb,4623,5,1,1970,0,0,1,0.5,26.2,6.28,84.5,743836
Downtown,2625,1,3,1991,1,1,3,4.76,23.9,3.68,88.7,540023
Beachfront,3787,5,1,1962,0,0,1,4.21,19.0,2.5,84.8,1102155
City Center,864,2,3,2013,0,1,0,4.04,22.6,3.59,73.5,263929
City Center,2146,1,1,1966,0,1,3,4.13,5.0,3.37,79.0,516850
Countryside,1418,5,1,1958,0,0,3,4.67,14.0,5.15,93.3,262887
Downtown,3297,2,1,1990,0,0,0,2.77,10.9,5.03,95.0,428232
Downtown,2031,4,1,1950,0,0,3,1.08,3.3,4.87,74.0,674357
Countryside,3845,2,3,1951,1,0,1,3.12,14.8,2.56,97.6,783770
Countryside,2406,3,3,2009,0,0,3,3.74,27.7,5.42,79.5,579419
Countryside,3586,2,2,1997,1,1,2,3.72,1.7,3.79,89.2,543989
Beachfront,2575,2,3,1978,1,1,4,2.66,9.1,5.16,91.8,720976
Downtown,1213,3,1,1959,1,1,1,0.44,6.6,4.73,93.5,442285
Beachfront,1562,5,2,2007,1,1,2,1.92,7.5,3.87,97.4,489021
Countryside,2476,5,2,2009,1,1,0,4.61,27.3,3.04,79.1,433202
Downtown,1796,2,2,1970,0,1,1,2.96,14.3,2.88,94.9,480763
Beachfront,625,3,1,1977,0,1,4,2.74,14.3,5.83,73.8,237007
Beachfront,4096,3,3,1983,0,0,4,1.42,22.9,6.17,90.4,821061
Countryside,3783,4,1,1957,1,0,0,1.91,5.1,5.1,91.5,1146481
Downtown,2103,5,2,2008,0,1,0,4.49,14.9,2.91,89.7,624493
Countryside,566,1,1,2021,0,1,1,3.37,13.2,4.11,77.3,242699
Downtown,732,5,1,1998,0,0,3,3.96,18.1,5.42,95.3,248241
City Center,2656,5,3,1966,0,0,0,2.33,30.0,5.62,74.9,398578
Suburb,1669,4,3,2009,0,0,3,3.19,23.2,2.97,71.6,369833
Suburb,2658,1,2,1994,1,0,2,1.32,12.2,2.5,90.8,472898
Suburb,4706,4,1,2018,0,1,4,3.56,24.9,5.35,83.8,1416448
Countryside,1993,1,1,1981,1,0,3,2.2,5.5,3.93,94.6,593927
City Center,4507,2,3,1993,1,1,4,2.27,1.4,3.52,81.1,1208551
Downtown,2972,1,1,2014,1,1,3,3.28,6.5,2.55,74.9,606804
Beachfront,3160,4,1,1957,1,1,2,4.69,10.5,4.66,94.3,544979
Downtown,3239,5,1,2021,1,0,0,0.41,15.6,5.9,85.9,918090
Beachfront,2261,1,3,1992,0,0,2,4.14,18.6,6.33,75.5,482907
Downtown,4014,1,2,1950,0,1,0,1.53,27.4,4.76,90.9,622947
City Center,2475,3,2,2000,0,1,0,2.28,15.5,4.56,84.8,653831
Beachfront,2862,5,1,1973,1,1,4,0.21,15.3,2.84,87.5,469257
Countryside,1376,2,2,1973,0,0,2,1.58,2.0,4.7,83.4,331683
Downtown,4312,4,3,1966,0,1,3,2.56,1.5,4.02,94.0,989506
Downtown,3948,2,3,1954,1,0,2,0.38,16.8,4.93,94.1,578879
Beachfront,1812,5,2,1969,1,1,4,2.51,13.4,4.05,90.6,684267
Countryside,1960,1,2,1970,1,1,0,4.64,25.3,3.46,73.1,334565
Countryside,3209,1,1,2007,1,1,4,0.62,5.2,2.88,94.3,538140
City Center,2824,5,2,1980,0,0,1,3.85,1.2,3.76,89.5,531956
Countryside,2233,1,1,1960,1,0,1,2.11,13.7,2.89,90.2,650184
Countryside,2105,1,1,2001,1,1,3,3.31,7.5,3.21,80.5,510906
Countryside,3063,1,3,1964,0,0,4,1.38,2.0,6.45,95.5,728159
Suburb,3921,4,3,1956,0,1,3,0.88,21.9,4.28,91.0,511079
City Center,4017,4,3,1977,1,0,3,0.89,3.8,4.63,73.3,556106
Downtown,2897,3,3,2000,0,0,1,0.45,18.4,5.99,81.8,628408
Beachfront,4235,2,2,2007,1,0,3,1.01,8.8,6.48,95.7,1218573
Downtown,3370,5,3,1954,1,1,1,3.35,5.6,4.83,71.4,1060472
City Center,1660,5,2,1954,0,0,0,4.42,11.7,5.75,97.9,286079
Beachfront,742,5,3,1957,0,0,4,4.09,24.1,3.81,89.7,235771
City Center,3090,3,2,2013,1,1,3,3.46,12.1,3.72,88.3,1033557
Countryside,1563,4,1,1959,1,1,1,0.64,22.6,4.11,77.8,342549
Beachfront,4824,3,2,1987,1,1,2,1.52,4.2,5.19,77.2,1401948
Countryside,3095,5,2,1957,0,1,3,1.62,23.3,5.23,97.3,485549
Downtown,1419,2,3,1974,1,0,0,1.32,7.5,3.76,78.6,517608
Downtown,505,1,2,2022,1,0,0,2.62,20.5,3.03,92.5,221278
Beachfront,967,4,1,2015,1,0,2,2.72,17.2,5.03,81.4,383520
Beachfront,4670,4,1,1999,1,0,1,1.85,27.9,3.01,74.0,1189335
City Center,503,3,3,2016,1,0,3,1.83,11.9,4.81,70.3,207087
City Center,1145,4,1,1998,0,1,1,4.16,2.5,5.27,85.8,462355
Countryside,617,5,2,1985,1,0,0,3.97,1.1,5.3,98.3,243678
Beachfront,3428,5,1,2017,1,0,1,1.61,24.9,5.51,80.7,674125
Downtown,3051,3,3,1990,1,0,0,4.58,16.0,5.99,80.4,808271
City Center,4789,5,2,2011,1,1,1,4.77,23.4,4.5,80.0,1330556
City Center,1346,2,3,1959,0,1,2,1.7,7.4,5.42,85.1,471480
Downtown,3262,3,2,1970,0,0,4,1.84,10.7,4.98,82.8,536577
City Center,1641,2,1,1985,0,1,2,2.58,1.4,3.25,95.5,549974
Countryside,2310,1,3,1961,1,1,2,4.71,28.9,2.6,84.7,638871
Beachfront,1223,2,3,1951,1,1,4,4.39,20.2,3.64,84.7,236898
Downtown,724,1,2,1962,0,1,4,0.6,28.0,4.27,74.0,160507
Beachfront,4708,1,3,2002,0,1,3,2.02,8.3,4.97,98.5,866612
City Center,2548,2,2,1981,0,1,3,2.81,18.5,5.9,77.2,465594
City Center,4915,3,2,1965,1,1,2,2.57,20.5,3.28,72.1,1553169
Downtown,2073,5,2,1981,1,0,2,1.05,9.9,3.0,89.2,624464
Countryside,2328,5,2,1981,0,0,0,4.31,25.5,6.35,87.3,620783
Suburb,2417,1,1,1960,0,1,0,3.42,28.4,2.93,82.0,755161
Downtown,4734,1,2,1959,0,0,3,4.21,26.6,4.41,82.2,846652
Suburb,2526,3,3,1964,1,0,3,4.31,22.3,4.84,92.8,756480
Suburb,4244,4,1,1966,1,1,0,3.77,8.7,4.67,75.7,896191
Countryside,1401,2,3,1989,1,0,0,2.25,8.8,2.84,93.8,501109
Suburb,2539,1,1,1967,0,1,1,3.09,28.9,2.73,88.8,386316
Suburb,509,5,2,2004,0,1,1,0.89,0.8,2.92,82.2,319213
Countryside,760,3,1,2022,1,1,0,3.4,21.6,4.84,83.3,201238
Suburb,2173,2,1,1974,0,0,1,0.98,21.3,4.68,77.4,392761
Suburb,2719,3,3,2008,1,0,4,3.5,18.9,3.43,91.8,808561
Suburb,2560,2,3,1971,0,0,3,1.23,29.7,5.05,84.9,491253
Downtown,4213,2,2,1979,0,0,3,0.68,9.7,5.78,79.3,1025314
Downtown,2119,1,1,1993,0,1,0,0.91,10.5,2.67,87.3,487026
Downtown,820,3,1,1981,0,1,2,0.11,2.8,4.49,98.9,331884
Countryside,1842,3,1,2000,1,0,0,3.62,13.6,5.26,82.6,357311
City Center,2876,5,2,1995,0,1,1,3.69,8.2,3.51,96.7,455559
Suburb,3332,5,2,1970,1,1,2,2.62,10.6,3.73,80.0,668853
Suburb,3324,1,2,1981,1,0,1,0.89,25.1,4.95,71.6,700670
Countryside,2494,1,2,1988,1,1,4,0.51,28.1,6.09,75.9,388345
Suburb,3458,4,2,1961,0,0,1,0.19,6.0,5.74,82.1,691048
Downtown,2538,5,3,1996,1,1,4,0.91,11.5,4.83,76.4,619196
City Center,3990,2,1,1967,1,0,4,4.47,27.9,5.42,70.0,489357
Beachfront,4177,3,1,1970,1,1,1,1.28,2.3,3.96,96.5,1029588
Suburb,1618,1,1,1962,0,1,1,1.84,3.2,5.06,94.5,515205
Downtown,2104,3,1,1970,0,0,4,0.62,5.3,4.36,91.5,368267
Beachfront,4527,3,1,1957,1,0,2,1.19,18.1,3.26,74.9,1072897
City Center,735,4,1,1995,0,0,4,2.64,4.9,5.31,73.5,281504
Beachfront,2469,5,1,1956,1,0,3,3.08,29.1,4.73,72.0,494631
Downtown,4929,1,1,1972,1,1,4,1.3,13.7,3.93,91.0,1277820
Beachfront,2408,3,3,1971,0,1,2,0.38,15.3,6.15,96.9,531459
Countryside,875,1,1,1971,1,0,3,2.02,7.8,2.58,82.5,269026
Beachfront,4030,2,3,1978,0,1,0,1.25,14.4,3.76,73.5,508959
Suburb,3135,4,2,1962,0,0,0,1.18,20.0,2.73,84.9,833356
Suburb,2070,2,1,1951,1,0,2,4.8,22.7,5.57,80.1,529187
Countryside,3060,1,2,1978,0,1,4,3.12,22.7,5.31,80.9,381291
Downtown,3891,1,2,2001,0,1,1,2.83,17.5,3.83,88.0,767577
Suburb,3465,5,2,1976,1,0,2,2.14,27.2,5.2,90.8,1129079
City Center,4143,3,3,1999,1,0,3,2.2,24.6,4.08,73.2,871599
Suburb,4350,3,2,1972,0,0,3,2.75,22.8,5.53,71.0,910181
Suburb,1372,2,2,1993,0,1,0,3.51,2.1,4.32,98.8,501478
Downtown,1752,4,2,1971,1,1,3,3.54,0.7,4.15,76.7,566286
Beachfront,1814,3,1,1992,0,1,2,0.94,6.8,6.24,71.6,486307
Suburb,3398,5,1,1986,0,1,3,2.55,20.1,3.5,75.5,993351
Countryside,577,2,3,2010,0,0,2,2.12,12.6,2.98,71.1,253948
Beachfront,3121,2,3,2005,0,0,1,4.37,12.4,4.84,81.4,685777
City Center,4727,5,1,1952,0,0,0,3.19,26.6,6.38,93.3,940388
Downtown,1100,4,3,2012,0,0,3,2.71,26.9,4.01,79.9,305210
City Center,1565,5,1,1968,0,0,2,0.67,27.3,2.75,82.9,531635
Beachfront,2636,4,2,1972,1,0,4,3.07,9.8,3.86,89.6,757454
Beachfront,2949,5,2,1978,1,1,0,0.67,20.9,4.52,84.8,452158
Beachfront,2843,5,3,1979,1,1,1,1.75,8.5,3.15,95.0,948989
City Center,2363,1,1,1988,1,0,2,0.8,6.1,5.13,95.1,527047
Beachfront,1818,2,1,1974,1,0,1,3.49,5.9,6.49,70.3,273072
City Center,4097,5,3,1957,0,1,1,1.11,10.6,4.31,92.6,981590
Beachfront,4262,5,1,2007,0,1,3,2.02,13.2,3.92,83.4,907174
Countryside,2690,3,2,1965,0,1,3,4.49,25.0,4.1,98.7,835551
Beachfront,1492,2,3,2021,0,1,2,1.1,4.0,2.96,84.0,348418
City Center,3212,3,3,1950,1,0,4,2.59,22.2,6.03,98.6,935408
Suburb,2692,2,1,1954,0,0,2,2.15,16.2,4.16,91.9,627642
Beachfront,1748,3,3,1952,0,0,4,0.19,9.0,4.05,77.2,302016
Suburb,3554,5,1,2014,1,0,1,3.98,15.0,5.14,85.6,1155715
Countryside,4533,5,1,1953,0,0,0,0.44,9.3,4.27,98.8,1006907
Downtown,2497,1,1,2013,0,1,2,2.42,18.1,5.09,94.9,482034
Countryside,4187,3,1,1959,1,0,2,2.85,13.3,2.75,72.8,904984
Beachfront,2651,4,1,1970,0,1,4,3.18,5.3,5.75,90.5,812456
Suburb,4518,1,3,1995,0,0,1,3.47,3.9,6.26,80.0,800567
Suburb,3610,3,2,1976,0,0,1,1.34,16.6,5.1,70.2,566236
City Center,2470,3,2,2015,0,0,4,0.15,27.1,6.32,81.7,386078
Suburb,697,1,3,1990,0,0,1,3.64,10.6,3.11,76.8,190609
City Center,3126,5,3,1962,1,0,3,2.72,22.1,4.41,93.7,880293
Downtown,1702,3,2,1958,1,1,0,4.2,19.9,4.91,79.8,410093
Beachfront,2535,5,2,1985,1,1,2,4.12,28.0,4.83,94.0,461869
City Center,977,1,2,2007,1,1,0,4.23,24.7,4.11,70.0,180489
Downtown,1754,5,2,2003,1,0,2,2.48,17.2,3.85,78.9,389568
Suburb,1422,2,2,1961,1,0,3,1.73,19.9,3.01,77.0,496544
Suburb,919,4,1,1963,0,1,1,3.98,27.0,4.07,76.8,214094
Downtown,2704,3,3,1983,1,0,4,2.31,12.3,3.15,72.0,924410
Suburb,3097,4,1,2002,1,0,3,1.0,10.1,5.44,75.4,735621
Downtown,1620,5,2,1969,0,1,0,4.29,0.8,3.34,86.1,364862
City Center,3568,3,2,1965,0,0,4,4.42,24.9,2.73,78.4,1078020
City Center,1450,5,2,2019,1,1,1,2.38,24.1,4.71,82.1,388365
Downtown,2836,2,1,2005,0,0,3,0.47,3.6,4.88,80.9,784520
City Center,2743,1,1,2007,1,1,4,2.0,17.5,5.99,95.4,886577
City Center,3145,3,2,1953,0,0,3,4.04,14.2,4.81,96.3,417996
City Center,2357,2,1,1953,1,0,3,4.52,4.0,3.88,84.3,371385
Countryside,2365,2,1,1969,0,1,1,1.1,29.4,5.71,79.6,610762
Beachfront,3412,3,2,1959,0,0,2,0.43,6.8,4.66,73.1,616213
Suburb,3353,5,1,1973,1,0,4,4.4,2.5,2.82,97.6,618966
Countryside,3728,2,3,1975,1,1,1,2.01,18.0,4.76,71.7,495942
City Center,4219,4,3,1986,1,0,3,2.75,22.3,6.13,78.6,551293
Downtown,3728,2,3,2003,1,1,1,4.84,1.5,4.09,78.6,1086843
City Center,2871,5,3,1970,1,0,2,0.43,19.9,3.69,79.3,470281
Beachfront,3391,5,2,1987,0,0,4,3.28,16.2,3.07,74.8,772928
City Center,4256,4,2,1995,1,0,2,0.46,3.5,3.11,92.7,1087326
Downtown,4725,2,2,1953,1,0,0,1.94,5.6,4.23,73.6,974932
Beachfront,594,5,3,2009,0,1,4,4.04,17.3,4.88,88.4,194308
City Center,3174,3,3,2006,0,0,2,2.22,9.2,2.82,73.6,931230
Beachfront,2455,1,1,1994,1,1,3,4.99,28.2,6.26,72.0,286978
Suburb,1293,1,1,1969,0,0,4,2.84,24.7,5.52,96.4,365308
Suburb,2334,1,3,1966,0,0,4,1.67,29.5,4.85,75.5,681597
City Center,2616,2,3,2020,1,0,1,1.18,8.2,5.81,93.8,601985
Beachfront,4606,4,3,1953,0,0,3,1.82,29.1,2.82,85.8,1045915
Downtown,3825,5,3,1963,0,1,0,1.93,13.2,4.41,72.3,844370
City Center,3419,3,1,1952,1,1,2,0.44,10.8,5.02,97.7,707546
Suburb,3097,3,3,2007,1,1,1,1.91,2.0,5.81,77.2,1005103
Suburb,3705,2,1,2004,0,1,2,2.37,2.1,5.63,94.9,1125931
City Center,1314,1,3,1953,0,0,0,3.64,20.9,3.61,74.9,263585
Beachfront,845,2,3,1973,1,1,0,3.32,14.0,6.26,94.8,266895
Suburb,2849,4,3,1983,0,1,4,3.57,7.2,3.0,70.4,959509
Beachfront,862,4,1,1979,0,0,0,0.14,18.6,6.0,84.8,302492
Suburb,2943,5,1,1968,0,0,2,1.17,8.0,6.38,92.3,692240
Suburb,2765,5,2,1980,1,0,3,3.34,17.5,3.21,97.1,668000
Countryside,2688,4,3,2009,0,0,3,2.47,11.1,5.39,96.4,550650
Suburb,3505,4,2,2009,0,1,4,0.13,24.8,2.66,93.8,1151072
Downtown,3781,4,2,1968,1,1,2,4.04,24.7,4.12,95.8,583783
City Center,1484,2,1,1998,0,0,2,3.89,14.6,4.57,75.8,381479
City Center,2139,4,1,2012,0,0,0,2.79,10.8,4.82,78.2,445135
Beachfront,1327,3,2,1971,1,0,2,0.43,11.2,6.24,78.4,284203
Suburb,3230,1,3,1973,1,1,1,3.86,24.3,5.19,80.9,636709
Downtown,4031,4,1,1979,1,1,0,2.96,10.2,4.43,81.4,1326880
Beachfront,4951,1,3,2007,1,0,1,3.93,6.7,5.74,85.8,642216
Countryside,3435,2,3,1980,0,0,4,3.78,3.0,6.3,74.6,820077
Beachfront,4376,1,2,2013,0,1,3,4.03,14.3,2.59,90.0,606081
Beachfront,626,2,2,1968,1,0,4,2.64,14.7,6.43,74.9,143586
Suburb,3677,3,2,1997,1,0,3,0.79,25.3,2.84,79.0,789517
Countryside,3556,2,2,1994,0,1,4,3.39,7.0,5.76,84.6,822400
Beachfront,1103,2,1,2004,1,0,2,3.14,11.7,3.62,93.1,284452
Downtown,3949,5,1,2004,0,1,1,3.74,24.3,3.03,91.4,759726
Downtown,4646,4,2,1967,1,0,3,0.93,24.8,4.26,88.7,632241
City Center,4033,4,1,2012,0,0,0,1.06,11.8,5.08,74.5,737345
Countryside,3867,3,2,1996,1,1,1,4.46,14.0,4.02,85.9,1257167
Countryside,3868,3,3,2006,1,1,0,3.77,9.4,2.72,72.5,1271771
City Center,4297,4,3,1994,0,0,1,4.55,28.0,4.9,80.9,788957
Beachfront,2292,5,3,1982,1,1,1,3.82,4.0,6.11,82.0,626988
Countryside,3361,4,2,1966,0,0,4,3.03,28.0,4.03,71.2,998431
Downtown,3976,5,3,2019,0,0,3,3.31,20.7,3.37,77.9,513345
Downtown,3917,3,1,1953,0,1,3,4.46,16.2,4.27,97.7,1112282
Suburb,2145,1,3,1969,0,0,1,2.94,1.5,2.69,97.7,735520
Countryside,1705,3,3,1996,0,0,2,3.2,14.5,5.78,80.2,292575
Beachfront,3530,3,3,1964,1,1,2,0.87,12.5,5.81,71.2,563445
City Center,3372,2,1,2019,1,1,0,2.42,5.3,4.85,75.2,1114976
City Center,3572,2,2,1996,0,0,0,3.61,19.9,3.91,81.4,801887
Beachfront,2354,2,1,1958,1,1,4,1.43,29.1,5.7,97.5,306656
Suburb,4521,2,2,1965,0,1,1,1.09,17.1,4.72,74.1,747663
City Center,3208,5,2,2018,1,1,0,1.64,21.6,5.8,92.1,725710
Countryside,4002,4,3,2010,1,1,0,1.28,2.5,5.03,73.2,1112309
Suburb,1832,1,2,1959,1,0,1,1.15,12.8,5.64,98.5,522306
Countryside,701,3,1,1999,1,0,4,2.18,3.9,4.89,81.1,334677
Downtown,4007,5,1,1952,0,0,0,4.55,18.6,4.16,92.5,702644
Suburb,4712,1,2,2019,0,1,4,2.58,28.2,6.33,79.9,1033369
City Center,1074,5,3,2000,1,1,3,1.02,20.0,4.66,88.2,387141
Suburb,1036,5,3,1968,1,1,4,0.48,2.8,4.92,75.6,354352
Suburb,2125,3,1,1991,0,1,2,3.51,11.0,3.38,74.2,393172
Suburb,2622,4,3,1984,1,1,2,1.98,16.7,5.0,97.2,903616
Suburb,885,2,2,1995,0,1,4,4.13,12.4,4.79,96.6,353658
Countryside,3781,4,2,1975,0,1,2,3.33,25.1,3.24,95.7,855519
Downtown,974,3,1,2018,0,0,3,4.0,24.5,2.74,88.1,305804
Beachfront,917,3,2,2013,1,0,1,1.43,18.5,4.92,93.4,235254
Suburb,4100,3,1,1986,0,1,2,3.49,11.5,5.55,72.0,934706
City Center,1454,1,2,1998,1,1,2,1.39,8.0,4.59,79.7,425033
Suburb,1705,4,1,1970,0,1,4,4.7,3.6,3.41,79.1,471147
City Center,4620,4,3,2013,1,0,3,3.22,11.0,5.17,88.4,1509758
Countryside,2490,5,2,1954,1,0,1,1.69,12.7,2.82,80.3,686374
City Center,4072,5,2,2019,1,1,4,1.42,20.4,4.27,74.3,850284
Beachfront,4880,5,1,1953,0,1,4,1.04,19.9,3.15,87.3,1331340
Downtown,4658,3,1,1988,0,0,3,3.5,2.6,3.24,93.6,742784
City Center,3213,4,2,1984,1,0,1,1.17,12.2,3.31,81.1,677928
City Center,2703,3,1,1950,1,0,3,3.02,5.9,4.05,73.8,554780
Downtown,3620,1,2,1973,1,0,1,1.4,5.1,2.7,75.7,778187
Beachfront,1466,5,3,2006,0,1,3,3.34,24.9,4.09,76.9,501486
Suburb,3932,3,1,2019,0,0,4,4.09,1.7,4.55,78.7,886504
City Center,1188,3,2,1990,0,0,4,3.91,12.9,4.43,88.6,405447
Downtown,4743,1,3,2003,0,1,0,3.83,5.5,4.03,87.4,1117137
Countryside,4201,2,3,1995,1,0,2,1.02,26.4,5.86,90.2,786921
Downtown,841,4,2,2009,1,0,3,0.53,16.9,3.08,80.5,356807
Countryside,2224,2,1,2009,0,0,0,3.52,7.3,4.52,93.9,424019
Beachfront,4922,5,2,2006,0,1,2,1.9,15.3,2.75,75.9,849048
Suburb,2292,3,3,1980,1,0,3,2.22,22.1,2.78,83.6,571251
Downtown,2259,1,2,1973,0,1,1,0.25,28.8,4.8,93.2,403145
City Center,3712,1,1,1985,0,1,2,1.37,7.0,4.76,75.2,453245
Beachfront,1489,4,3,1979,0,0,4,0.27,26.6,6.01,73.2,409399
Downtown,2762,2,2,1973,0,0,0,4.41,28.1,4.73,95.6,585016
City Center,2982,4,1,1979,0,0,2,1.29,27.5,6.34,79.9,597164
Downtown,1451,3,3,1956,0,0,2,2.83,19.2,2.69,89.8,512342
Countryside,1222,4,1,1984,1,1,4,0.29,19.1,2.89,70.7,391080
Downtown,3889,1,3,2004,0,0,3,3.37,12.4,2.68,90.0,1163804
Downtown,2579,1,2,1963,0,0,1,1.68,22.7,3.24,79.2,370069
Downtown,3217,5,1,1959,1,0,4,4.5,16.2,4.67,71.6,775398
